FY,Dept,Conveyor,Category,Length,Grade,Type,NextCBM,PlannedMtrs,Class,Reason,Remarks
FY27,RMHS,J5C1,A,1750,SAR70,Fabric,27-10-2026,0,Avoid,HIGHWEARRATE,Please refer the report no.  0626-472
FY27,RMPP,AJ1C1,A,1400,SAR70,Fabric,04-02-2027,0,Avoid,JAN-MAR 2027,
FY27,RMHS,J37C5,A,1100,FR,Fabric,30-08-2026,1100,Planned,,
FY27,RMBB,J78C1,B,700,FR,Fabric,08-02-2027,0,Avoid,JAN-MAR 2027,
FY27,RMHS,RMHS-J24C2,A,620,SAR70,Fabric,05-12-2025,0,Avoid,HIGHWEARRATE,Spillage material is piled up at return side
FY27,RMHS,JNT3C1,A,600,SAR70,Fabric,16-11-2025,600,Planned,,
FY27,CO#1,J40C1,B,570,SAR70,Fabric,09-07-2025,0,Avoid,B/C CATEGORY LONG BELT,Belt continuously rubs with spillage materiaql at return side
FY27,RMHS,CJ1C1,A,500,SAR70,Fabric,05-10-2025,500,Planned,,
FY27,RMHS,J37C6,A,490,SAR70,Fabric,16-11-2025,490,Planned,,
FY27,RMHS,CPBC1,A,480,SAR70,Fabric,22-05-2026,480,Planned,,
FY27,RMPP,JPPC1,B,468,SAR70,Fabric,11-01-2026,0,Avoid,SKIRT DAMAGE,Non Standard skirt rubber is used
FY27,LCP,4A,A,460,HRT3,Fabric,18-09-2025,460,Planned,,
FY27,RMPP,BC6(COAL),A,440,SAR70,Fabric,05-06-2026,0,Avoid,SKIRT DAMAGE,"Non Standard skirt rubber is used, also refer report no. 0526-237"
FY27,RMPP,BC5(COAL),B,435,SAR70,Fabric,20-06-2026,0,Avoid,HIGHWEARRATE,Please refer the report no.  0526-233
FY27,SP#1,J36C2,A+ (Sup.Critical),420,SAR70,Fabric,18-08-2026,0,Avoid,HIGHWEARRATE,Non standard skirt rubber is being used & Multiple burn marks have been observed
FY27,RMPP,J14C1,A,420,SAR70,Fabric,22-02-2027,0,Avoid,JAN-MAR 2027,
FY27,RMPP,J16AC1,B,415,SAR70,Fabric,26-06-2025,0,Avoid,B/C CATEGORY LONG BELT,Belt continuously rubs with spillage materiaql at return side near head end
FY27,SMS#2,BOF-C2,C,390,SAR70,Fabric,11-02-2027,0,Avoid,JAN-MAR 2027,
FY27,RMPP,JPP3C3,B,384,SAR70,Fabric,01-04-2026,0,Avoid,HIGHWEARRATE,Spillage material is piled up at return side
FY27,RMPP,CSIC1,A,380,SAR70,Fabric,31-01-2027,0,Avoid,JAN-MAR 2027,
FY27,RMHS,OPBC1,A,370,SAR70,Fabric,10-09-2026,0,Avoid,HIGHWEARRATE,"Heavy spillage at return side of belt near tail end, also refer report no. 0626-480"
FY27,RMPP,K6C1,A,359,SAR70,Fabric,30-03-2026,359,Planned,,
FY27,RMPP,JPP2C2,B,358,SAR70,Fabric,30-12-2026,0,Replaced,,
FY27,RMPP,K8C1,B,350,SAR70,Fabric,19-06-2026,0,Avoid,B/C CATEGORY LONG BELT,Heavy spillage on deck plate and at return side of belt
FY27,RMPP,JPP2C1,B,350,SAR70,Fabric,22-05-2026,0,Avoid,SKIRT DAMAGE,Sway obseved at return side & spillage at return side of belt
FY27,RMPP,CTH1C1,B,350,SAR70,Fabric,31-07-2025,0,Avoid,B/C CATEGORY LONG BELT,Spillage at return side
FY27,RMPP,2J18AC1,B,344,SAR70,Fabric,26-04-2026,0,Avoid,HIGHWEARRATE,Spillage material is piled up at return side
FY27,RMHS,J26C1,B,340,SAR70,Fabric,06-09-2026,0,Avoid,HIGHWEARRATE,Please refer the report no.  0526-12
FY27,CO#1,J5,B,320,HRT2,Fabric,22-08-2026,0,Avoid,SKIRT DAMAGE,Non Standard skirt rubber is used
FY27,RMPP,PPC3,B,320,SAR70,Fabric,12-10-2026,0,Avoid,SKIRT DAMAGE,Non Standard skirt rubber is used
FY27,RMPP,BC2(IRON),A,310,SAR70,Fabric,08-05-2026,310,Planned,,
FY27,SP#2,SP2-1025,A,304,SAR70,Fabric,27-10-2026,0,Avoid,HIGHWEARRATE,Please refer the report no.  0626-512
FY27,SP#3,SP3-1025,A,304,SAR70,Fabric,25-02-2026,304,Planned,,
FY27,RMPP,BC1(IRON),A,290,SAR70,Fabric,21-04-2026,290,Planned,,
FY27,RMPP,J9BC1,B,286,SAR70,Fabric,08-04-2026,0,Avoid,SKIRT DAMAGE,"Non Standard skirt rubber is used, also refer report no. 0526-322"
FY27,RMHS,J2C1,B,280,SAR70,Fabric,13-01-2026,0,Avoid,SKIRT DAMAGE,"Non Standard skirt rubber is used, also refer report no. 0526-87"
FY27,RMPP,BC13(IRON),A,275,SAR70,Fabric,23-03-2026,275,Planned,,
FY27,CO#1,J4,B,270,HRT2,Fabric,05-02-2026,270,Planned,,
FY27,SP#1,CHE1,A,265,HRT3,Fabric,30-12-2026,0,Avoid,OTHERS,
FY27,RMPP,BC10(IRON),A,265,SAR70,Fabric,22-03-2027,0,Avoid,JAN-MAR 2027,
FY27,RMBB,J64C1,B,247,SAR70,Fabric,24-10-2026,0,Avoid,HIGHWEARRATE,Heavy spillage materials accumulated behind snub pulley area & at return side upto belt level
FY27,CO#1,J3,A,240,HRT2,Fabric,17-01-2027,0,Avoid,JAN-MAR 2027,
FY27,DRI,K1-BC33,A,240,SAR70,Fabric,31-03-2026,240,Planned,,
FY27,RMPP,CSIC2,A,240,SAR70,Fabric,03-06-2026,0,Avoid,SKIRT DAMAGE,"Non Standard skirt rubber is used, also refer report no. 0526-267"
FY27,RMPP,J15C2,A,232,SAR70,Fabric,30-05-2026,232,Planned,,
FY27,SP#1,RP12,B,230,SAR70,Fabric,11-03-2027,0,Avoid,JAN-MAR 2027,
FY27,RMPP,J15AC2,A,230,SAR70,Fabric,28-05-2026,0,Avoid,SKIRT DAMAGE,"Non Standard skirt rubber is used, also refer report no. 0526-314"
FY27,RMPP,OF2C1,A,230,SAR70,Fabric,14-09-2026,0,Avoid,SKIRT DAMAGE,Please refer the report no. 0526-337
FY27,RMPP,FTH11AC1,A,230,SAR70,Fabric,18-01-2027,0,Avoid,JAN-MAR 2027,
FY27,RMPP,AJ7C2,A,226,SAR70,Fabric,22-02-2027,0,Avoid,JAN-MAR 2027,
FY27,SP#1,HV1,B,220,FR,Fabric,26-08-2025,220,Planned,,
FY27,RMPP,J11C1,A,211,SAR70,Fabric,03-08-2026,0,Avoid,SKIRT DAMAGE,"Non Standard skirt rubber is used, also refer report no. 0526-301"
FY27,RMPP,2J18C2,B,210,SAR70,Fabric,20-02-2027,0,Avoid,JAN-MAR 2027,
FY27,BF#1,RFTH2C1,A,200,SAR70,Fabric,25-10-2026,0,Avoid,HIGHWEARRATE,Please refer the report no.  0626-29
FY27,RMPP,BC22(WASHERY),A,200,SAR70,Fabric,07-02-2026,0,Avoid,SKIRT DAMAGE,"Non Standard skirt rubber is used, also refer report no. 0626-442"
FY27,RMPP,PPC5,B,200,SAR70,Fabric,17-01-2027,0,Avoid,JAN-MAR 2027,
FY27,SP#1,CF1,B,196,FR,Fabric,24-08-2025,0,Avoid,HIGHWEARRATE,Spillage material is piled up at return side
FY27,SP#2,SP2-7004,A,188,HRT3,Fabric,26-03-2027,0,Avoid,JAN-MAR 2027,
FY27,RMBB,RMBB-CBBC1,A,186,FR,Fabric,10-02-2027,0,Avoid,JAN-MAR 2027,
FY27,RMPP,J11BC1,B,180,SAR70,Fabric,04-09-2026,0,Avoid,SKIRT DAMAGE,Non Standard skirt rubber is used
FY27,SP#2,SP2-7002,A,176,HRT3,Fabric,22-09-2026,0,Avoid,OTHERS,
FY27,SP#3,SP3-7002,A,176,HRT3,Fabric,20-12-2026,176,Planned,,
FY27,BF#1,BF1-S0,A+ (Sup.Critical),173,HRT2,Fabric,22-02-2027,0,Avoid,JAN-MAR 2027,
FY27,BF#1,FSC2,A,172,SAR70,Fabric,14-09-2026,0,Avoid,OTHERS,Spillage material accumulated near tail bend pulley area and rubing with bend pulley.
FY27,BF#1,FOC2,A,165,SAR70,Fabric,29-01-2027,0,Avoid,JAN-MAR 2027,
FY27,RMHS,J4C1,B,165,SAR70,Fabric,21-08-2025,165,Planned,,
FY27,RMHS,CJ2C2,B,165,SAR70,Fabric,12-08-2026,0,Avoid,HIGHWEARRATE,Spillage material is piled up at return side
FY27,RMHS,CJ3C1,A,160,FR,Fabric,26-11-2026,0,Avoid,OTHERS,Please refer the report no. 0626-175
FY27,RMHS,J21C1,B,155,SAR70,Fabric,05-04-2026,0,Avoid,B/C CATEGORY LONG BELT,Non standard skirt rubber is being used
FY27,RMHS,J21C2,B,155,SAR70,Fabric,06-07-2025,0,Avoid,B/C CATEGORY LONG BELT,Non standard skirt rubber is being used
FY27,RMPP,AJ2C1,A,154,SAR70,Fabric,30-10-2025,154,Planned,,
FY27,RMPP,FTH14C2,B,152,SAR70,Fabric,24-11-2025,0,Avoid,SKIRT DAMAGE,"Non Standard skirt rubber is used, also refer report no. 0526-285"
FY27,RMPP,2J19C2,B,142,SAR70,Fabric,11-04-2026,0,Avoid,HIGHWEARRATE,Material spillage on deck plate and at return side.
FY27,DRI,PSB1-BC30,B,140,SAR70,Fabric,20-11-2026,0,Avoid,B/C CATEGORY LONG BELT,Spillage at return side
FY27,DRI,PSB4-BC30,B,140,SAR70,Fabric,04-11-2026,0,Avoid,HIGHWEARRATE,Non standard skirt rubber is being used & spillage at return side of belt
FY27,RMHS,J50C1,A,140,SAR70,Fabric,07-12-2026,0,Avoid,SKIRT DAMAGE,"Non Standard skirt rubber is used, also refer report no. 0626-412"
FY27,RMPP,2J18C3,B,136,SAR70,Fabric,10-11-2026,0,Avoid,B/C CATEGORY LONG BELT,Please refer the report no. 0526-182
FY27,BF#1,FSC3,A,132,SAR70,Fabric,24-03-2027,0,Avoid,JAN-MAR 2027,
FY27,RMPP,BC16(IRON),A,131,SAR70,Fabric,12-02-2027,0,Avoid,JAN-MAR 2027,
FY27,RMPP,BC1(WASHERY),A,130,SAR70,Fabric,01-12-2025,130,Planned,,
FY27,RMPP,2J19C1,B,130,SAR70,Fabric,19-11-2025,0,Avoid,HIGHWEARRATE,Please refer the report no. 0526-185
FY27,RMHS,J4C3,B,125,SAR70,Fabric,19-05-2025,125,Planned,,
FY27,RMHS,J5AC1,A,125,SAR70,Fabric,13-09-2026,0,Avoid,SKIRT DAMAGE,"Non Standard skirt rubber is used, also refer report no. 0526-176"
FY27,RMHS,J21AC3,B,125,SAR70,Fabric,29-12-2026,0,Avoid,SKIRT DAMAGE,"Non Standard skirt rubber is used, also refer report no. 0526-07"
FY27,SMS#2,EAF-BC1.1D,A,123,SAR70,Fabric,19-01-2026,123,Planned,,
FY27,CO#1,J42RC1,A,120,SAR70,Fabric,29-12-2026,0,Avoid,SKIRT DAMAGE,"Non Standard skirt rubber is used, also refer report no. 0626-28"
FY27,RMPP,BC15(IRON),A,120,SAR70,Fabric,21-03-2027,0,Avoid,JAN-MAR 2027,
FY27,RMPP,AJ5C1,A,120,SAR70,Fabric,12-02-2026,0,Avoid,SKIRT DAMAGE,"Non Standard skirt rubber is used, also refer report no. 0526-199"
FY27,SMS#2,BOF-JHC2,C,115,SAR70,Fabric,10-03-2027,0,Avoid,JAN-MAR 2027,
FY27,RMPP,FTH15AC1,B,106,SAR70,Fabric,25-01-2027,0,Avoid,JAN-MAR 2027,
FY27,RMPP,2J18C4,B,106,SAR70,Fabric,16-10-2025,0,Replaced,,Heavy spillage at return side of belt
FY27,RMHS,J47C1,B,100,SAR70,Fabric,19-02-2027,0,Avoid,JAN-MAR 2027,
FY27,BF#2,Inclined belt,C,100,SAR70,Fabric,17-10-2025,0,Avoid,B/C CATEGORY LONG BELT,Old belt Life achieved
FY27,RMHS,SCR6,B,95,FR,Fabric,17-01-2027,95,Planned,,
FY27,BF#1,BF1-RSC1,A+ (Sup.Critical),90,SAR70,Fabric,22-10-2026,90,Planned,,
FY27,SP#2,SP2-1001,A,90,SAR70,Fabric,23-03-2027,90,Planned,,
FY27,RMHS,SCR3,B,90,HAR,Fabric,28-10-2026,90,Planned,,
FY27,RMHS,SCR4,B,90,HAR,Fabric,25-02-2027,90,Planned,,
FY27,RMHS,REC3,B,90,HAR,Fabric,08-08-2026,90,Planned,,
FY27,RMHS,REC1,B,90,SAR70,Fabric,06-01-2027,90,Planned,,
FY27,RMHS,REC2,B,90,SAR70,Fabric,02-09-2026,90,Planned,,
FY27,RMHS,SCR1,B,90,SAR70,Fabric,21-11-2026,90,Planned,,
FY27,RMHS,SCR2,B,90,SAR70,Fabric,31-03-2026,0,Replaced,,
FY27,RMHS,SCR7,B,90,FR,Fabric,08-02-2027,90,Planned,,
FY27,DRI,K5-BC37,A,84,HR,Fabric,19-11-2026,84,Planned,,
FY27,DRI,K10-BC37,A,84,HR,Fabric,21-03-2027,84,Planned,,
FY27,BF#2,SC2,A+ (Sup.Critical),82,SAR70,Fabric,26-11-2026,82,Planned,,
FY27,BF#2,OAC2,A+ (Sup.Critical),80,SAR70,Fabric,14-02-2027,80,Planned,,
FY27,RMPP,BC7(IRON),B,79,SAR70,Fabric,26-12-2026,79,Planned,,
FY27,RMHS,J6C1,B,75,SAR70,Fabric,16-10-2026,75,Planned,,
FY27,RMBB,TBS BOOM2,A,70,SAR70,Fabric,28-08-2026,70,Planned,,
FY27,BF#1,RFTH1C1,A,70,SAR70,Fabric,18-09-2026,70,Planned,,
FY27,RMPP,RMPP-SH1C3,A,70,SAR,Fabric,18-02-2027,70,Planned,,
FY27,SP#1,Y4,A,65,SAR70,Fabric,29-12-2026,65,Planned,,
FY27,RMHS,RMHS-RSC1,A,65,SAR70,Fabric,10-01-2027,65,Planned,,
FY27,RMPP,BC12(IRON),A,65,SAR70,Fabric,30-06-2026,130,Planned,,
FY27,SP#2&3,J34AC1,A+ (Sup.Critical),64,FR,Fabric,11-09-2026,64,Planned,,
FY27,BF#1,BF1-S3,B,62,SAR70,Fabric,17-11-2026,124,Planned,,
FY27,RMHS,J5BC1,B,60,SAR70,Fabric,12-08-2026,60,Planned,,
FY27,RMPP,BJ1046,A,60,SAR70,Fabric,06-05-2026,60,Planned,,
FY27,RMPP,J16C2,B,60,SAR70,Fabric,24-02-2027,60,Planned,,
FY27,RMBB,IORSC1,A,59,SAR70,Fabric,11-03-2027,118,Planned,,
FY27,RMHS,PCIC1,A,58,SAR70,Fabric,20-12-2026,58,Planned,,"Non Standard skirt rubber is used, also refer report no. 0626-481"
FY27,CO#1,M4,A,55,SAR70,Fabric,26-02-2027,55,Planned,,
FY27,SP#2,SP2-7003,A,55,HRT3,Fabric,12-08-2026,110,Planned,,
FY27,RMBB,CCBC1,B,52,FR,Fabric,30-03-2026,52,Planned,,
FY27,RMPP,BC4(IRON),B,52,SAR70,Fabric,22-03-2027,104,Planned,,
FY27,RMPP,BF4B,B,52,SAR70,Fabric,21-04-2026,104,Planned,,
FY27,RMPP,J16C1,B,52,SAR70,Fabric,08-10-2026,104,Planned,,
FY27,DRI,PSB4-BC23B,B,50,HR,Fabric,02-09-2026,50,Planned,,
FY27,DRI,PSB3-JH6C1,A,50,SHR,Fabric,02-04-2026,50,Planned,,
FY27,RMHS,RMHS-CBBRSC1,A,50,FR,Fabric,03-09-2026,50,Planned,,
FY27,RMPP,BC8(COAL),B,50,SAR70,Fabric,21-12-2026,50,Planned,,
FY27,SMS#2,LF-BC2D,B,47,SAR70,Fabric,01-09-2025,47,Planned,,
FY27,RMBB,FCBC2,B,45,SAR70,Fabric,19-06-2026,45,Planned,,
FY27,CO#2,25BC03A,A,45,UHUAR,Fabric,15-12-2026,45,Planned,,
FY27,SP#1,RFTH7C2,B,44,SAR70,Fabric,29-12-2025,44,Planned,,
FY27,SP#2,SP2-2011,A,44,SAR70,Fabric,15-10-2026,44,Planned,,
FY27,BF#2,SFC3,A,42,SAR70,Fabric,14-09-2025,84,Planned,,
FY27,RMPP,BC9(IRON),A,42,SAR70,Fabric,26-05-2026,84,Planned,,
FY27,BF#1,BF1-S4,B,40,SAR70,Fabric,08-02-2027,80,Planned,,
FY27,BF#2,FPC-A,B,40,HRT3,Fabric,03-02-2026,40,Planned,,
FY27,BF#2,FPC-B,B,40,HRT3,Fabric,24-01-2026,40,Planned,,
FY27,RMHS,RSC4,A,40,SAR70,Fabric,14-01-2027,80,Planned,,
FY27,LCP,RBC5,B,39,SAR70,Fabric,19-11-2026,78,Planned,,
FY27,RMBB,RMBB-CBBRSC1,B,38,FR,Fabric,02-03-2026,38,Planned,,
FY27,SMS#2,LF-BC4D,B,37,SAR70,Fabric,19-03-2026,74,Planned,,
FY27,RMHS,CJ5C2,B,36,SAR70,Fabric,01-02-2026,36,Planned,,Material spillage at return side of belt
FY27,RMPP,BC4(COAL),B,36,SAR70,Fabric,19-11-2026,72,Planned,,
FY27,RMPP,RBC2,A,35,SAR70,Fabric,22-12-2026,70,Planned,,
FY27,RMPP,OFBBRSC1,A,35,SAR70,Fabric,31-07-2026,70,Planned,,
FY27,RMPP,BC15(COAL),B,35,SAR70,Fabric,05-04-2026,70,Planned,,
FY27,RMPP,BC16(COAL),B,35,SAR70,Fabric,02-02-2027,70,Planned,,
FY27,RMPP,J11AC1,C,35,SARG,Fabric,25-11-2026,70,Planned,,
FY27,SP#1,RFTH6RC1,B,34,SAR70,Fabric,23-01-2027,68,Planned,,
FY27,BRIQUETTING,BOOM,A,32,SAR70,Fabric,05-09-2026,64,Planned,,
FY27,CO#1,M3,A,32,SAR70,Fabric,05-10-2026,32,Planned,,
FY27,RMPP,OF1C1,C,32,SAR70,Fabric,08-05-2026,64,Planned,,
FY27,RMPP,RBC1,A,31,SAR70,Fabric,04-05-2026,62,Planned,,
FY27,RMPP,RC1,A,30,SAR70,Fabric,19-10-2026,60,Planned,,
FY27,RMPP,BC2(WASHERY),A,30,SAR70,Fabric,19-04-2026,60,Planned,,
FY27,RMPP,BF4A,A,29,SAR70,Fabric,16-05-2026,58,Planned,,
FY27,LCP,RBC6,B,28,SAR70,Fabric,22-02-2026,56,Planned,,
FY27,SP#1,CHE3,A,28,HRT3,Fabric,22-06-2026,56,Planned,,
FY27,RMPP,AJ001,B,28,SAR70,Fabric,14-10-2026,56,Planned,,
FY27,RMPP,CJ001,B,28,SAR70,Fabric,20-04-2026,56,Planned,,
FY27,RMPP,EJ001,A,28,SAR70,Fabric,25-11-2026,56,Planned,,
FY27,RMPP,GJ001,B,28,SAR70,Fabric,21-10-2026,56,Planned,,
FY27,RMPP,IJ001,A,28,SAR70,Fabric,14-08-2026,56,Planned,,
FY27,RMPP,BC8(IRON),B,27,SAR70,Fabric,13-08-2026,54,Planned,,
FY27,SP#1,RP8,B,26,SAR70,Fabric,18-03-2027,52,Planned,,
FY27,SP#1,HV2,B,26,UHR,Fabric,14-09-2026,52,Planned,,
FY27,SP#2,SP2-2007,A,26,SAR70,Fabric,01-10-2026,52,Planned,,
FY27,RMBB,CCBC2,B,25,SAR70,Fabric,29-10-2025,50,Planned,,
FY27,BF#2,OAC3,A,25,SAR70,Fabric,19-12-2026,50,Planned,,
FY27,BF#2,SC3,A,25,SAR70,Fabric,10-09-2026,50,Planned,,
FY27,CO#1,J7,A,25,HRT2,Fabric,25-01-2027,25,Planned,,
FY27,BRIQUETTING,BC1115,A,24,SHR,Fabric,18-06-2026,24,Planned,,
FY27,RMPP,BC14(IRON),A,24,SAR70,Fabric,04-01-2027,48,Planned,,
FY27,RMBB,J30FC8,B,23,FR,Fabric,20-11-2026,23,Planned,,
FY27,LCP,3B,A,23,SAR70,Fabric,14-02-2027,23,Planned,,
FY27,SP#3,SP3-2007,A,23,SAR70,Fabric,08-03-2027,46,Planned,,
FY27,RMPP,BC5(IRON),B,23,SAR70,Fabric,10-08-2026,46,Planned,,
FY27,BRIQUETTING,BC2070,A,22,SHR,Fabric,12-03-2027,22,Planned,,
FY27,SP#1,H2,A,22,SAR70,Fabric,16-09-2026,44,Planned,,
FY27,RMPP,BC5AC2,B,21,SAR70,Fabric,16-03-2026,21,Planned,,
FY27,BF#2,CC2,A+ (Sup.Critical),20,SAR70,Fabric,16-09-2026,40,Planned,,
FY27,BF#2,CFC5,A,20,SAR70,Fabric,14-11-2026,40,Planned,,
FY27,CO#1,J40FC1,A,20,SAR70,Fabric,06-11-2026,40,Planned,,
FY27,RMHS,LDP3FC1,A,20,SAR70,Fabric,09-02-2027,40,Planned,,
FY27,RMHS,J30RC1,A,20,SAR70,Fabric,02-03-2026,40,Planned,,
FY27,DRI,JH1DRIC1,A,20,SAR70,Fabric,30-06-2021,40,Planned,,
FY27,DRI,JH2DRIC1,A,20,SAR70,Fabric,03-12-2026,40,Planned,,
FY27,DRI,JH3DRIC1,A,20,SAR70,Fabric,30-06-2021,40,Planned,,
FY27,RMPP,RMPP-FCSBC2,A,19,SAR70,Fabric,04-07-2026,38,Planned,,
FY27,RMBB,J59RSC1,B,18,FR,Fabric,04-02-2027,36,Planned,,
FY27,DRI,PSB2-BC11,B,18,SHR,Fabric,17-01-2027,36,Planned,,
FY27,SP#1,RP9,B,18,SAR70,Fabric,07-05-2026,36,Planned,,
FY27,RMHS,JNT1RSC1,B,18,FR,Fabric,09-10-2026,36,Planned,,
FY27,RMPP,BC6(IRON),B,18,SAR70,Fabric,12-08-2026,36,Planned,,
FY27,RMPP,BC13(COAL),B,18,SAR70,Fabric,30-06-2026,36,Planned,,
FY27,RMPP,BC14(COAL),B,18,SAR70,Fabric,30-06-2026,36,Planned,,
FY27,RMBB,CCBRC1,B,17,FR,Fabric,06-03-2027,34,Planned,,
FY27,RMHS,J23RC1,B,17,SAR70,Fabric,18-07-2026,34,Planned,,
FY27,RMPP,J12C4,B,17,SAR70,Fabric,23-09-2026,34,Planned,,
FY27,BRIQUETTING,BC2090,A,16,SHR,Fabric,01-12-2026,32,Planned,,
FY27,SP#1,R2,B,16,SAR70,Fabric,16-05-2026,32,Planned,,
FY27,SP#1,RP2,B,16,SAR70,Fabric,30-01-2026,32,Planned,,
FY27,RMHS,OFBF1,B,16,SAR70,Fabric,11-01-2027,32,Planned,,
FY27,RMHS,OFBF4,B,16,SAR70,Fabric,27-11-2026,32,Planned,,
FY27,RMPP,AJ0010,A,16,SAR70,Fabric,07-11-2026,32,Planned,,
FY27,RMPP,AJ0016,A,16,SAR70,Fabric,10-12-2026,32,Planned,,
FY27,RMPP,BC9(COAL),B,16,SAR70,Fabric,18-06-2026,32,Planned,,
FY27,RMPP,BC10(COAL),B,16,SAR70,Fabric,28-10-2026,32,Planned,,
FY27,RMPP,BC5AC1,B,16,SAR70,Fabric,28-03-2026,32,Planned,,
FY27,RMBB,MSRC3,B,15,SAR70,Fabric,14-08-2026,30,Planned,,
FY27,RMPP,J14C4,A,15,SAR70,Fabric,01-05-2026,30,Planned,,
FY27,RMPP,EJ0010,A,15,SAR70,Fabric,26-11-2026,30,Planned,,
FY27,SP#1,B102,B,15,M24,Fabric,12-03-2027,30,Planned,,
FY27,RMBB,J65C1,A,14,SAR70,Fabric,15-07-2026,28,Planned,,
FY27,DRI,K9-BC12,B,14,HR,Fabric,27-08-2025,28,Planned,,
FY27,RMPP,BF5,B,14,SAR70,Fabric,05-11-2025,28,Planned,,
FY27,RMPP,BF6,B,14,SAR70,Fabric,09-01-2027,28,Planned,,
FY27,SMS#2,CDP COLD BELT1,B,13,FR,Fabric,26-02-2026,26,Planned,,
FY27,RMHS,CJ2RC1,B,13,SAR70,Fabric,20-08-2026,39,Planned,,
FY27,RMHS,CJ3RC1,B,13,SAR70,Fabric,02-07-2026,39,Planned,,
FY27,RMPP,BF3A,B,13,SAR70,Fabric,04-12-2026,26,Planned,,
FY27,RMPP,RPPC1,B,13,SAR70,Fabric,27-02-2027,26,Planned,,
FY27,RMPP,AJ10C1,A,13,SAR70,Fabric,09-01-2026,26,Planned,,
FY27,RMPP,BF01,B,12.5,SAR70,Fabric,21-11-2025,25,Planned,,
FY27,SP#1,B1,A,12,SAR70,Fabric,04-10-2026,24,Planned,,
FY27,SP#1,RP7,B,12,SAR70,Fabric,16-12-2026,24,Planned,,
FY27,RMPP,2J19C3,B,12,SAR70,Fabric,30-05-2026,24,Planned,,
FY27,SMS#2,FABF2,B,11,SAR70,Fabric,09-05-2026,22,Planned,,
FY27,SMS#2,FACS2-BC3D,B,11,SAR70,Fabric,16-01-2026,22,Planned,,
FY27,RMPP,BF3(COAL),B,11,SAR70,Fabric,20-09-2026,22,Planned,,
FY27,RMHS,CJ1RSC1,B,9,FR,Fabric,09-07-2026,27,Planned,,
FY27,RMHS,TT5RSC1,B,9,FR,Fabric,24-09-2026,27,Planned,,
FY27,SP#1,B114,B,9,M24,Fabric,29-07-2026,18,Planned,,
FY27,RMHS,CJ1RSC2,B,9,FR,Fabric,13-06-2026,18,Planned,,
FY27,RMHS,TT4C4,B,235,FR,Fabric,17-12-2025,235,Planned,,
FY27,RMHS,REC4,A,90,HAR,Fabric,10-03-2026,90,Planned,,
FY27,RMHS,J6C2,A,240,SAR70,Fabric,06-05-2026,0,Replaced,,
FY27,RMHS,TT5C1,B,225,FR,Fabric,10-10-2027,225,Planned,,
FY27,RMPP,BC19(WASHERY),A,70,SAR70,Fabric,14-11-2029,0,Avoid,OTHERS,Please refer the report no. 0626-438
FY27,DRI,PSB1-BC23,B,70,SHR,Fabric,29-06-2030,0,Avoid,OTHERS,
FY27,RMBB,J52C2,B,126,SAR70,Fabric,28-06-2028,0,Avoid,OTHERS,
FY27,BF#2,SCA3,B,36,HRT3,Fabric,12-12-2027,36,Planned,,
FY27,RMPP,J9C1,B,666,SAR70,Fabric,18-02-2028,666,Planned,,
FY27,RMPP,K9C1,A,380,SAR70,Fabric,05-07-2033,380,Planned,,
FY27,DRI,K2-BC37,A,84,HR,Fabric,29-08-2027,84,Planned,,
FY27,,STEEL CORD (RTG plan total),,1350,STEELCORD,Steel,,1350,Planned,,Belt-wise list available nahi - total only
FY27,,BUCKET BELTS (RTG plan total),,193,BUCKET CON,Bucket,,193,Planned,,Belt-wise list available nahi - total only
